,text,cnpj,count
14,../data/Buscas de palavras chaves/_estado de Emergência de Saúde Pública_/1047.txt,12.196.993/0001-41,1
108,../data/Buscas de palavras chaves/_estado de Emergência de Saúde Pública_/1142.txt,12.196.993/0001-41,1
186,../data/Buscas de palavras chaves/_estado de Emergência de Saúde Pública_/1168.txt,27.165.345/0001-90,1
243,../data/Buscas de palavras chaves/_estado de Emergência de Saúde Pública_/1252.txt,32.934.693/0001-13,1
323,../data/Buscas de palavras chaves/_estado de Emergência de Saúde Pública_/132.txt,13.015.833/0001-55,5
400,../data/Buscas de palavras chaves/_estado de Emergência de Saúde Pública_/1371.txt,17.173.298/0001-24,1
413,../data/Buscas de palavras chaves/_estado de Emergência de Saúde Pública_/1371.txt,23.765.576/0001-33,1
417,../data/Buscas de palavras chaves/_estado de Emergência de Saúde Pública_/1371.txt,26.162.477/0001-57,1
424,../data/Buscas de palavras chaves/_estado de Emergência de Saúde Pública_/1371.txt,32.265.513/0001-67,1
452,../data/Buscas de palavras chaves/_estado de Emergência de Saúde Pública_/1456.txt,27.353.630/0004-04,1
485,../data/Buscas de palavras chaves/_estado de Emergência de Saúde Pública_/1511.txt,11.957.593/0001-10,1
510,../data/Buscas de palavras chaves/_estado de Emergência de Saúde Pública_/1511.txt,27.708.186/0001-33,1
539,../data/Buscas de palavras chaves/_estado de Emergência de Saúde Pública_/1531.txt,05.400.066/0001-70,1
1197,../data/Buscas de palavras chaves/_estado de Emergência de Saúde Pública_/1643.txt,12.264.563/0001-03,1
72,../data/Buscas de palavras chaves/_teste rápido_/1142.txt,12.196.993/0001-41,1
150,../data/Buscas de palavras chaves/_teste rápido_/1168.txt,27.165.345/0001-90,1
217,../data/Buscas de palavras chaves/_teste rápido_/1177.txt,00.924.195/0001-06,1
259,../data/Buscas de palavras chaves/_teste rápido_/1190.txt,08.942.276/0001-08,1
288,../data/Buscas de palavras chaves/_teste rápido_/1224.txt,06.629.746/0001-09,1
397,../data/Buscas de palavras chaves/_teste rápido_/1256.txt,02.205.536/0001-42,1
494,../data/Buscas de palavras chaves/_teste rápido_/1256.txt,26.552.982/0001-75,1
518,../data/Buscas de palavras chaves/_teste rápido_/1287.txt,00.612.203/0001-01,2
629,../data/Buscas de palavras chaves/_teste rápido_/132.txt,13.015.833/0001-55,5
689,../data/Buscas de palavras chaves/_teste rápido_/1327.txt,20.478.426/0001-35,1
694,../data/Buscas de palavras chaves/_teste rápido_/1327.txt,21.993.497/0001-70,1
722,../data/Buscas de palavras chaves/_teste rápido_/1456.txt,27.353.630/0004-04,1
765,../data/Buscas de palavras chaves/_teste rápido_/1464.txt,04.675.247/0007-69,1
890,../data/Buscas de palavras chaves/_teste rápido_/1672.txt,02.548.753/0001-80,1
999,../data/Buscas de palavras chaves/_teste rápido_/1943.txt,08.849.921/0001-56,1
1008,../data/Buscas de palavras chaves/_teste rápido_/1943.txt,10.571.872/0001-53,1
1020,../data/Buscas de palavras chaves/_teste rápido_/1943.txt,14.889.534/0001-06,1
1087,../data/Buscas de palavras chaves/_teste rápido_/1987.txt,14.884.711/0001-45,2
1095,../data/Buscas de palavras chaves/_teste rápido_/1987.txt,27.165.182/0001-21,2
1148,../data/Buscas de palavras chaves/_teste rápido_/204.txt,14.884.711/0001-45,1
1179,../data/Buscas de palavras chaves/_teste rápido_/229.txt,00.740.969/0001-92,2
1297,../data/Buscas de palavras chaves/_teste rápido_/533(1).txt,01.107.391/0002-63,1
1305,../data/Buscas de palavras chaves/_teste rápido_/533(1).txt,13.169.156/0001-16,1
1320,../data/Buscas de palavras chaves/_teste rápido_/533.txt,01.107.391/0002-63,1
1328,../data/Buscas de palavras chaves/_teste rápido_/533.txt,13.169.156/0001-16,1
1391,../data/Buscas de palavras chaves/_teste rápido_/55(1).txt,36.215.108/0001-24,1
1445,../data/Buscas de palavras chaves/_teste rápido_/55.txt,36.215.108/0001-24,1
1500,../data/Buscas de palavras chaves/_teste rápido_/615.txt,10.571.872/0001-53,1
1762,../data/Buscas de palavras chaves/_teste rápido_/835(1).txt,22.259.013/0001-02,2
1844,../data/Buscas de palavras chaves/_teste rápido_/835.txt,22.259.013/0001-02,2
1922,../data/Buscas de palavras chaves/_teste rápido_/882.txt,14.884.711/0001-45,2
1933,../data/Buscas de palavras chaves/_teste rápido_/882.txt,27.165.182/0001-21,2
7,../data/Buscas de palavras chaves/EPI/1012.txt,21.239.429/0001-05,1
68,../data/Buscas de palavras chaves/EPI/1029.txt,11.615.369/0001-35,1
87,../data/Buscas de palavras chaves/EPI/1029.txt,26.113.297/0001-96,1
109,../data/Buscas de palavras chaves/EPI/1047.txt,12.196.993/0001-41,1
185,../data/Buscas de palavras chaves/EPI/1060.txt,36.215.108/0001-24,1
331,../data/Buscas de palavras chaves/EPI/1094.txt,28.055.226/0001-16,1
428,../data/Buscas de palavras chaves/EPI/1128.txt,27.165.182/0001-21,1
1120,../data/Buscas de palavras chaves/EPI/1168.txt,27.165.345/0001-90,1
1260,../data/Buscas de palavras chaves/EPI/1212.txt,03.231.206/0001-76,1
1377,../data/Buscas de palavras chaves/EPI/1224.txt,06.629.746/0001-09,1
1450,../data/Buscas de palavras chaves/EPI/1256.txt,02.205.536/0001-42,1
1547,../data/Buscas de palavras chaves/EPI/1256.txt,26.552.982/0001-75,1
1587,../data/Buscas de palavras chaves/EPI/1269.txt,08.447.694/0001-64,1
1632,../data/Buscas de palavras chaves/EPI/1270.txt,01.741.721/0001-48,1
1642,../data/Buscas de palavras chaves/EPI/1270.txt,04.496.562/0001-59,2
1654,../data/Buscas de palavras chaves/EPI/1270.txt,06.626.253/0443-45,1
1727,../data/Buscas de palavras chaves/EPI/1270.txt,32.867.889/0001-05,1
1782,../data/Buscas de palavras chaves/EPI/1280.txt,24.926.663/0000-08,1
1892,../data/Buscas de palavras chaves/EPI/1304.txt,21.822.665/0001-60,1
2054,../data/Buscas de palavras chaves/EPI/132.txt,13.015.833/0001-55,5
2310,../data/Buscas de palavras chaves/EPI/1357.txt,48.752.450/0001-13,1
2441,../data/Buscas de palavras chaves/EPI/1391.txt,46.721.473/2020-36,1
2502,../data/Buscas de palavras chaves/EPI/140.txt,24.810.340/0001-10,1
2543,../data/Buscas de palavras chaves/EPI/1429.txt,79.846.465/0001-81,2
2563,../data/Buscas de palavras chaves/EPI/1431.txt,05.063.395/0001-30,1
2569,../data/Buscas de palavras chaves/EPI/1431.txt,21.993.497/0001-70,1
2581,../data/Buscas de palavras chaves/EPI/1433.txt,01.367.217/0001-41,1
2697,../data/Buscas de palavras chaves/EPI/1451.txt,33.871.336/0002-62,1
2729,../data/Buscas de palavras chaves/EPI/1456.txt,27.353.630/0004-04,1
2870,../data/Buscas de palavras chaves/EPI/1511.txt,11.957.593/0001-10,1
2895,../data/Buscas de palavras chaves/EPI/1511.txt,27.708.186/0001-33,1
2928,../data/Buscas de palavras chaves/EPI/1531.txt,05.400.066/0001-70,1
3162,../data/Buscas de palavras chaves/EPI/1607.txt,51.260.743/0001-34,1
3308,../data/Buscas de palavras chaves/EPI/1643.txt,12.264.563/0001-03,1
3429,../data/Buscas de palavras chaves/EPI/1653.txt,09.316.084/0002-60,1
3463,../data/Buscas de palavras chaves/EPI/1668.txt,73.937.724/0001-20,1
3477,../data/Buscas de palavras chaves/EPI/1687.txt,02.881.887/0001-64,1
3536,../data/Buscas de palavras chaves/EPI/1687.txt,51.260.743/0001-34,1
3537,../data/Buscas de palavras chaves/EPI/1687.txt,52.488.629/0008-66,1
3562,../data/Buscas de palavras chaves/EPI/169.txt,07.377.498/0001-64,1
3624,../data/Buscas de palavras chaves/EPI/169.txt,67.729.178/0001-91,1
3671,../data/Buscas de palavras chaves/EPI/1700.txt,10.942.931/0001-36,1
3801,../data/Buscas de palavras chaves/EPI/1719.txt,24.506.677/0001-57,1
4075,../data/Buscas de palavras chaves/EPI/1870.txt,00.057.747/9891-72,1
4213,../data/Buscas de palavras chaves/EPI/189.txt,02.091.365/0065-13,1
4253,../data/Buscas de palavras chaves/EPI/189.txt,13.405.319/0031-49,1
4297,../data/Buscas de palavras chaves/EPI/189.txt,73.849.952/0009-24,1
4429,../data/Buscas de palavras chaves/EPI/1943.txt,08.849.921/0001-56,1
4438,../data/Buscas de palavras chaves/EPI/1943.txt,10.571.872/0001-53,1
4450,../data/Buscas de palavras chaves/EPI/1943.txt,14.889.534/0001-06,1
4504,../data/Buscas de palavras chaves/EPI/1947.txt,15.790.788/0001-19,1
4551,../data/Buscas de palavras chaves/EPI/1959.txt,27.165.345/0001-90,1
4568,../data/Buscas de palavras chaves/EPI/1959.txt,39.315.211/0001-94,1
4605,../data/Buscas de palavras chaves/EPI/1961.txt,27.165.182/0001-21,1
4621,../data/Buscas de palavras chaves/EPI/1961.txt,39.315.211/0001-94,2
4647,../data/Buscas de palavras chaves/EPI/1979.txt,15.362.151/0001-57,1
4659,../data/Buscas de palavras chaves/EPI/1979.txt,21.993.497/0001-70,1
4691,../data/Buscas de palavras chaves/EPI/1986.txt,11.615.369/0001-35,1
4718,../data/Buscas de palavras chaves/EPI/1987.txt,14.884.711/0001-45,2
4726,../data/Buscas de palavras chaves/EPI/1987.txt,27.165.182/0001-21,2
4771,../data/Buscas de palavras chaves/EPI/1998.txt,66.581.267/0001-83,1
4949,../data/Buscas de palavras chaves/EPI/204.txt,14.884.711/0001-45,1
4990,../data/Buscas de palavras chaves/EPI/205.txt,11.615.369/0001-35,1
5366,../data/Buscas de palavras chaves/EPI/280.txt,36.325.257/0001-34,1
5379,../data/Buscas de palavras chaves/EPI/287.txt,30.368.027/0001-56,1
5594,../data/Buscas de palavras chaves/EPI/395.txt,14.432.557/0001-79,1
5622,../data/Buscas de palavras chaves/EPI/395.txt,79.716.613/0001-33,1
5854,../data/Buscas de palavras chaves/EPI/401.txt,60.085.055/0435-31,1
6183,../data/Buscas de palavras chaves/EPI/533.txt,01.107.391/0002-63,1
6191,../data/Buscas de palavras chaves/EPI/533.txt,13.169.156/0001-16,1
6254,../data/Buscas de palavras chaves/EPI/55.txt,36.215.108/0001-24,1
6311,../data/Buscas de palavras chaves/EPI/558.txt,26.245.666/0001-10,1
6336,../data/Buscas de palavras chaves/EPI/558.txt,35.864.462/0001-68,1
6344,../data/Buscas de palavras chaves/EPI/558.txt,36.399.627/0001-70,2
6631,../data/Buscas de palavras chaves/EPI/640.txt,24.506.677/0001-57,1
6646,../data/Buscas de palavras chaves/EPI/640.txt,50.856.251/0001-21,1
6841,../data/Buscas de palavras chaves/EPI/673.txt,11.041.059/0001-88,1
6917,../data/Buscas de palavras chaves/EPI/690.txt,09.400.433/0001-44,1
6918,../data/Buscas de palavras chaves/EPI/690.txt,09.428.831/0001-36,1
6999,../data/Buscas de palavras chaves/EPI/70.txt,02.849.983/0001-67,1
7005,../data/Buscas de palavras chaves/EPI/70.txt,03.231.206/0001-76,1
7012,../data/Buscas de palavras chaves/EPI/70.txt,04.067.191/0001-92,1
7060,../data/Buscas de palavras chaves/EPI/70.txt,10.824.341/0001-57,1
7079,../data/Buscas de palavras chaves/EPI/70.txt,13.235.732/0001-70,1
7082,../data/Buscas de palavras chaves/EPI/70.txt,13.585.696/0001-09,1
7151,../data/Buscas de palavras chaves/EPI/70.txt,29.612.189/0001-67,1
7164,../data/Buscas de palavras chaves/EPI/70.txt,40.617.276/0001-05,1
7374,../data/Buscas de palavras chaves/EPI/726.txt,18.117.764/0001-93,1
7414,../data/Buscas de palavras chaves/EPI/728.txt,19.682.663/0001-26,1
7420,../data/Buscas de palavras chaves/EPI/728.txt,27.165.182/0001-21,1
8036,../data/Buscas de palavras chaves/EPI/835.txt,22.259.013/0001-02,2
8092,../data/Buscas de palavras chaves/EPI/845.txt,12.396.933/0001-41,1
8109,../data/Buscas de palavras chaves/EPI/845.txt,23.767.722/0001-59,4
8111,../data/Buscas de palavras chaves/EPI/845.txt,24.195.598/0001-42,1
8184,../data/Buscas de palavras chaves/EPI/882.txt,14.884.711/0001-45,2
8195,../data/Buscas de palavras chaves/EPI/882.txt,27.165.182/0001-21,2
8235,../data/Buscas de palavras chaves/EPI/900.txt,20.992.487/0001-40,1
8263,../data/Buscas de palavras chaves/EPI/900.txt,93.399.400/0001-38,1
8278,../data/Buscas de palavras chaves/EPI/903.txt,12.063.197/0001-59,1
8322,../data/Buscas de palavras chaves/EPI/912.txt,16.941.580/0001-80,1
8333,../data/Buscas de palavras chaves/EPI/912.txt,27.167.745/0001-67,2
8398,../data/Buscas de palavras chaves/EPI/916.txt,14.727.376/0001-04,2
8514,../data/Buscas de palavras chaves/EPI/949.txt,09.400.433/0001-44,1
8553,../data/Buscas de palavras chaves/EPI/949.txt,50.856.251/0001-21,1
8581,../data/Buscas de palavras chaves/EPI/971.txt,10.999.751/0001-07,1
178,../data/Buscas de palavras chaves/emergencial/1029.txt,11.615.369/0001-35,1
197,../data/Buscas de palavras chaves/emergencial/1029.txt,26.113.297/0001-96,1
222,../data/Buscas de palavras chaves/emergencial/1047.txt,12.196.993/0001-41,1
368,../data/Buscas de palavras chaves/emergencial/1060.txt,36.215.108/0001-24,1
557,../data/Buscas de palavras chaves/emergencial/1094.txt,28.055.226/0001-16,1
593,../data/Buscas de palavras chaves/emergencial/1112.txt,24.501.340/0001-44,1
645,../data/Buscas de palavras chaves/emergencial/1128.txt,27.165.182/0001-21,1
1273,../data/Buscas de palavras chaves/emergencial/1142.txt,12.196.993/0001-41,1
1344,../data/Buscas de palavras chaves/emergencial/1144.txt,13.335.920/0001-20,1
1366,../data/Buscas de palavras chaves/emergencial/1144.txt,32.194.305/0001-12,1
1433,../data/Buscas de palavras chaves/emergencial/1168.txt,27.165.345/0001-90,1
1588,../data/Buscas de palavras chaves/emergencial/1190.txt,08.942.276/0001-08,1
1753,../data/Buscas de palavras chaves/emergencial/1210.txt,09.649.306/0001-49,1
1765,../data/Buscas de palavras chaves/emergencial/1210.txt,14.866.880/0001-50,1
1773,../data/Buscas de palavras chaves/emergencial/1210.txt,19.244.814/0001-38,1
1812,../data/Buscas de palavras chaves/emergencial/1210.txt,60.085.055/0435-31,1
1888,../data/Buscas de palavras chaves/emergencial/1224.txt,06.629.746/0001-09,1
2199,../data/Buscas de palavras chaves/emergencial/1287.txt,00.612.203/0001-01,2
2238,../data/Buscas de palavras chaves/emergencial/1289.txt,00.331.778/0016-03,4
2241,../data/Buscas de palavras chaves/emergencial/1289.txt,00.868.640/0001-43,1
2382,../data/Buscas de palavras chaves/emergencial/1304.txt,21.822.665/0001-60,1
2537,../data/Buscas de palavras chaves/emergencial/1316.txt,07.049.137/2000-00,1
2569,../data/Buscas de palavras chaves/emergencial/132.txt,13.015.833/0001-55,5
2713,../data/Buscas de palavras chaves/emergencial/1357.txt,48.752.450/0001-13,1
2816,../data/Buscas de palavras chaves/emergencial/1372.txt,17.168.369/0001-83,1
2867,../data/Buscas de palavras chaves/emergencial/1391.txt,46.721.473/2020-36,1
2928,../data/Buscas de palavras chaves/emergencial/140.txt,24.810.340/0001-10,1
3122,../data/Buscas de palavras chaves/emergencial/1429.txt,79.846.465/0001-81,2
3142,../data/Buscas de palavras chaves/emergencial/1431.txt,05.063.395/0001-30,1
3148,../data/Buscas de palavras chaves/emergencial/1431.txt,21.993.497/0001-70,1
3160,../data/Buscas de palavras chaves/emergencial/1433.txt,01.367.217/0001-41,1
3278,../data/Buscas de palavras chaves/emergencial/1451.txt,33.871.336/0002-62,1
3313,../data/Buscas de palavras chaves/emergencial/1456.txt,27.353.630/0004-04,1
3352,../data/Buscas de palavras chaves/emergencial/1464.txt,04.675.247/0007-69,1
3389,../data/Buscas de palavras chaves/emergencial/1476.txt,04.675.247/0007-69,1
3417,../data/Buscas de palavras chaves/emergencial/1496.txt,04.630.415/0001-18,1
3437,../data/Buscas de palavras chaves/emergencial/1496.txt,88.148.719/0001-61,1
3527,../data/Buscas de palavras chaves/emergencial/1511.txt,11.957.593/0001-10,1
3552,../data/Buscas de palavras chaves/emergencial/1511.txt,27.708.186/0001-33,1
3577,../data/Buscas de palavras chaves/emergencial/1529.txt,01.631.225/0001-51,1
3599,../data/Buscas de palavras chaves/emergencial/1531.txt,05.400.066/0001-70,1
3667,../data/Buscas de palavras chaves/emergencial/1539.txt,01.107.391/0002-63,2
3785,../data/Buscas de palavras chaves/emergencial/1558.txt,08.960.920/0001-81,1
3798,../data/Buscas de palavras chaves/emergencial/1558.txt,27.165.182/0001-21,1
3818,../data/Buscas de palavras chaves/emergencial/1558.txt,79.716.613/0001-33,1
3832,../data/Buscas de palavras chaves/emergencial/1564.txt,05.439.635/0001-56,1
3834,../data/Buscas de palavras chaves/emergencial/1564.txt,06.962.016/0001-16,1
4369,../data/Buscas de palavras chaves/emergencial/1573.txt,15.104.656/0001-87,2
4496,../data/Buscas de palavras chaves/emergencial/1607.txt,51.260.743/0001-34,1
4784,../data/Buscas de palavras chaves/emergencial/1643.txt,12.264.563/0001-03,1
4875,../data/Buscas de palavras chaves/emergencial/1653.txt,09.316.084/0002-60,1
4957,../data/Buscas de palavras chaves/emergencial/1670.txt,26.728.177/0001-80,1
4974,../data/Buscas de palavras chaves/emergencial/1671.txt,80.590.045/0008-70,1
4978,../data/Buscas de palavras chaves/emergencial/1672.txt,02.548.753/0001-80,1
5085,../data/Buscas de palavras chaves/emergencial/1684.txt,19.946.998/0001-25,1
5105,../data/Buscas de palavras chaves/emergencial/1687.txt,02.881.887/0001-64,1
5164,../data/Buscas de palavras chaves/emergencial/1687.txt,51.260.743/0001-34,1
5165,../data/Buscas de palavras chaves/emergencial/1687.txt,52.488.629/0008-66,1
5190,../data/Buscas de palavras chaves/emergencial/169.txt,07.377.498/0001-64,1
5252,../data/Buscas de palavras chaves/emergencial/169.txt,67.729.178/0001-91,1
5272,../data/Buscas de palavras chaves/emergencial/1700.txt,10.942.931/0001-36,1
5348,../data/Buscas de palavras chaves/emergencial/1709.txt,03.718.824/0001-05,1
6011,../data/Buscas de palavras chaves/emergencial/1719.txt,24.506.677/0001-57,1
6072,../data/Buscas de palavras chaves/emergencial/1721.txt,23.464.348/0001-08,1
6091,../data/Buscas de palavras chaves/emergencial/1728.txt,01.107.391/0002-63,1
6105,../data/Buscas de palavras chaves/emergencial/1731.txt,07.783.349/0001-97,1
6151,../data/Buscas de palavras chaves/emergencial/1753.txt,15.392.151/0001-67,1
6152,../data/Buscas de palavras chaves/emergencial/1753.txt,20.748.496/0001-35,1
6153,../data/Buscas de palavras chaves/emergencial/1753.txt,24.695.513/0001-03,1
6262,../data/Buscas de palavras chaves/emergencial/1761.txt,92.975.341/0002-09,1
6879,../data/Buscas de palavras chaves/emergencial/1804.txt,61.935.518/0011-20,1
6994,../data/Buscas de palavras chaves/emergencial/1805.txt,46.043.998/0001-04,1
7791,../data/Buscas de palavras chaves/emergencial/1870.txt,00.057.747/9891-72,1
8160,../data/Buscas de palavras chaves/emergencial/1929.txt,01.026.798/0001-30,1
8161,../data/Buscas de palavras chaves/emergencial/1929.txt,03.908.897/0001-73,1
8252,../data/Buscas de palavras chaves/emergencial/1943.txt,08.849.921/0001-56,1
8261,../data/Buscas de palavras chaves/emergencial/1943.txt,10.571.872/0001-53,1
8273,../data/Buscas de palavras chaves/emergencial/1943.txt,14.889.534/0001-06,1
8365,../data/Buscas de palavras chaves/emergencial/1947.txt,15.790.788/0001-19,1
8404,../data/Buscas de palavras chaves/emergencial/1954.txt,17.460.096/0001-38,1
8486,../data/Buscas de palavras chaves/emergencial/1959.txt,27.165.345/0001-90,1
8503,../data/Buscas de palavras chaves/emergencial/1959.txt,39.315.211/0001-94,1
8540,../data/Buscas de palavras chaves/emergencial/1961.txt,27.165.182/0001-21,1
8556,../data/Buscas de palavras chaves/emergencial/1961.txt,39.315.211/0001-94,2
9209,../data/Buscas de palavras chaves/emergencial/1987.txt,14.884.711/0001-45,2
9217,../data/Buscas de palavras chaves/emergencial/1987.txt,27.165.182/0001-21,2
10071,../data/Buscas de palavras chaves/emergencial/204.txt,14.884.711/0001-45,1
10112,../data/Buscas de palavras chaves/emergencial/205.txt,11.615.369/0001-35,1
10895,../data/Buscas de palavras chaves/emergencial/217.txt,26.938.887/0001-79,1
10913,../data/Buscas de palavras chaves/emergencial/217.txt,67.991.521/0001-09,1
10973,../data/Buscas de palavras chaves/emergencial/229.txt,00.740.969/0001-92,2
11784,../data/Buscas de palavras chaves/emergencial/259.txt,01.506.617/0001-74,1
11849,../data/Buscas de palavras chaves/emergencial/259.txt,40.432.544/0001-45,1
11905,../data/Buscas de palavras chaves/emergencial/276.txt,17.713.959/0001-10,1
11910,../data/Buscas de palavras chaves/emergencial/278.txt,02.091.365/0065-13,1
11942,../data/Buscas de palavras chaves/emergencial/278.txt,19.049.456/0001-38,1
12015,../data/Buscas de palavras chaves/emergencial/287.txt,30.368.027/0001-56,1
12154,../data/Buscas de palavras chaves/emergencial/353.txt,13.574.594/0186-46,1
12163,../data/Buscas de palavras chaves/emergencial/353.txt,16.959.280/0003-07,1
13540,../data/Buscas de palavras chaves/emergencial/369.txt,46.948.113/0001-53,1
13589,../data/Buscas de palavras chaves/emergencial/395.txt,14.432.557/0001-79,1
13617,../data/Buscas de palavras chaves/emergencial/395.txt,79.716.613/0001-33,1
13870,../data/Buscas de palavras chaves/emergencial/401.txt,60.085.055/0435-31,1
14034,../data/Buscas de palavras chaves/emergencial/419.txt,26.371.080/0001-60,1
14073,../data/Buscas de palavras chaves/emergencial/431.txt,30.286.804/0001-31,1
14563,../data/Buscas de palavras chaves/emergencial/55.txt,36.215.108/0001-24,1
14622,../data/Buscas de palavras chaves/emergencial/558.txt,26.245.666/0001-10,1
14647,../data/Buscas de palavras chaves/emergencial/558.txt,35.864.462/0001-68,1
14655,../data/Buscas de palavras chaves/emergencial/558.txt,36.399.627/0001-70,2
15355,../data/Buscas de palavras chaves/emergencial/60.txt,12.968.901/0001-89,1
15415,../data/Buscas de palavras chaves/emergencial/615.txt,10.571.872/0001-53,1
15587,../data/Buscas de palavras chaves/emergencial/641.txt,07.450.732/0001-31,1
15628,../data/Buscas de palavras chaves/emergencial/641.txt,28.055.226/0001-16,1
15860,../data/Buscas de palavras chaves/emergencial/673.txt,11.041.059/0001-88,1
15931,../data/Buscas de palavras chaves/emergencial/690.txt,09.400.433/0001-44,1
15932,../data/Buscas de palavras chaves/emergencial/690.txt,09.428.831/0001-36,1
16030,../data/Buscas de palavras chaves/emergencial/704.txt,44.575.700/0001-41,1
16138,../data/Buscas de palavras chaves/emergencial/711.txt,09.494.737/0001-49,1
16169,../data/Buscas de palavras chaves/emergencial/715.txt,04.211.082/0001-31,1
16301,../data/Buscas de palavras chaves/emergencial/728.txt,19.682.663/0001-26,1
16307,../data/Buscas de palavras chaves/emergencial/728.txt,27.165.182/0001-21,1
16332,../data/Buscas de palavras chaves/emergencial/732.txt,07.199.118/0001-32,1
16336,../data/Buscas de palavras chaves/emergencial/732.txt,09.930.287/0001-60,1
17102,../data/Buscas de palavras chaves/emergencial/80.txt,00.162.137/2014-91,2
17175,../data/Buscas de palavras chaves/emergencial/80.txt,31.089.522/0001-41,1
17547,../data/Buscas de palavras chaves/emergencial/80.txt,44.133.819/0001-30,1
17548,../data/Buscas de palavras chaves/emergencial/80.txt,45.229.153/0001-10,1
17650,../data/Buscas de palavras chaves/emergencial/823.txt,20.414.780/0001-35,1
17677,../data/Buscas de palavras chaves/emergencial/823.txt,30.681.365/0001-04,1
17681,../data/Buscas de palavras chaves/emergencial/823.txt,32.962.698/0001-31,1
17687,../data/Buscas de palavras chaves/emergencial/823.txt,36.390.358/0001-60,1
17696,../data/Buscas de palavras chaves/emergencial/843.txt,02.728.618/0001-21,1
17805,../data/Buscas de palavras chaves/emergencial/882.txt,14.884.711/0001-45,2
17816,../data/Buscas de palavras chaves/emergencial/882.txt,27.165.182/0001-21,2
17902,../data/Buscas de palavras chaves/emergencial/890.txt,94.389.400/0001-04,1
17928,../data/Buscas de palavras chaves/emergencial/896.txt,62.729.178/0004-91,1
17959,../data/Buscas de palavras chaves/emergencial/900.txt,20.992.487/0001-40,1
17987,../data/Buscas de palavras chaves/emergencial/900.txt,93.399.400/0001-38,1
18002,../data/Buscas de palavras chaves/emergencial/903.txt,12.063.197/0001-59,1
18042,../data/Buscas de palavras chaves/emergencial/912.txt,16.941.580/0001-80,1
18053,../data/Buscas de palavras chaves/emergencial/912.txt,27.167.745/0001-67,2
18141,../data/Buscas de palavras chaves/emergencial/922.txt,00.881.181/0001-57,1
18185,../data/Buscas de palavras chaves/emergencial/922.txt,36.215.108/0001-24,1
18200,../data/Buscas de palavras chaves/emergencial/924.txt,62.729.178/0004-91,1
18388,../data/Buscas de palavras chaves/emergencial/964.txt,05.703.059/0001-54,1
18397,../data/Buscas de palavras chaves/emergencial/964.txt,33.205.757/0001-37,1
18521,../data/Buscas de palavras chaves/emergencial/983.txt,07.722.566/0001-52,1
18542,../data/Buscas de palavras chaves/emergencial/983.txt,27.165.182/0001-21,1
18548,../data/Buscas de palavras chaves/emergencial/983.txt,30.681.365/0001-04,1
18557,../data/Buscas de palavras chaves/emergencial/983.txt,36.287.959/0001-79,1
18604,../data/Buscas de palavras chaves/emergencial/999.txt,06.044.486/0001-66,1
84,../data/Buscas de palavras chaves/Demanda Emergencial Covid-19/1047.txt,12.196.993/0001-41,1
160,../data/Buscas de palavras chaves/Demanda Emergencial Covid-19/1060.txt,36.215.108/0001-24,1
809,../data/Buscas de palavras chaves/Demanda Emergencial Covid-19/1142.txt,12.196.993/0001-41,1
880,../data/Buscas de palavras chaves/Demanda Emergencial Covid-19/1144.txt,13.335.920/0001-20,1
902,../data/Buscas de palavras chaves/Demanda Emergencial Covid-19/1144.txt,32.194.305/0001-12,1
964,../data/Buscas de palavras chaves/Demanda Emergencial Covid-19/1168.txt,27.165.345/0001-90,1
1181,../data/Buscas de palavras chaves/Demanda Emergencial Covid-19/1210.txt,09.649.306/0001-49,1
1193,../data/Buscas de palavras chaves/Demanda Emergencial Covid-19/1210.txt,14.866.880/0001-50,1
1201,../data/Buscas de palavras chaves/Demanda Emergencial Covid-19/1210.txt,19.244.814/0001-38,1
1240,../data/Buscas de palavras chaves/Demanda Emergencial Covid-19/1210.txt,60.085.055/0435-31,1
1314,../data/Buscas de palavras chaves/Demanda Emergencial Covid-19/1224.txt,06.629.746/0001-09,1
1495,../data/Buscas de palavras chaves/Demanda Emergencial Covid-19/1287.txt,00.612.203/0001-01,2
1534,../data/Buscas de palavras chaves/Demanda Emergencial Covid-19/1289.txt,00.331.778/0016-03,4
1537,../data/Buscas de palavras chaves/Demanda Emergencial Covid-19/1289.txt,00.868.640/0001-43,1
1678,../data/Buscas de palavras chaves/Demanda Emergencial Covid-19/1304.txt,21.822.665/0001-60,1
1796,../data/Buscas de palavras chaves/Demanda Emergencial Covid-19/132.txt,13.015.833/0001-55,5
1898,../data/Buscas de palavras chaves/Demanda Emergencial Covid-19/1391.txt,46.721.473/2020-36,1
1959,../data/Buscas de palavras chaves/Demanda Emergencial Covid-19/140.txt,24.810.340/0001-10,1
2141,../data/Buscas de palavras chaves/Demanda Emergencial Covid-19/1431.txt,05.063.395/0001-30,1
2147,../data/Buscas de palavras chaves/Demanda Emergencial Covid-19/1431.txt,21.993.497/0001-70,1
2200,../data/Buscas de palavras chaves/Demanda Emergencial Covid-19/1451.txt,33.871.336/0002-62,1
2224,../data/Buscas de palavras chaves/Demanda Emergencial Covid-19/1456.txt,27.353.630/0004-04,1
2289,../data/Buscas de palavras chaves/Demanda Emergencial Covid-19/1511.txt,11.957.593/0001-10,1
2314,../data/Buscas de palavras chaves/Demanda Emergencial Covid-19/1511.txt,27.708.186/0001-33,1
2343,../data/Buscas de palavras chaves/Demanda Emergencial Covid-19/1531.txt,05.400.066/0001-70,1
2496,../data/Buscas de palavras chaves/Demanda Emergencial Covid-19/1564.txt,05.439.635/0001-56,1
2498,../data/Buscas de palavras chaves/Demanda Emergencial Covid-19/1564.txt,06.962.016/0001-16,1
3089,../data/Buscas de palavras chaves/Demanda Emergencial Covid-19/1607.txt,51.260.743/0001-34,1
3192,../data/Buscas de palavras chaves/Demanda Emergencial Covid-19/1643.txt,12.264.563/0001-03,1
3322,../data/Buscas de palavras chaves/Demanda Emergencial Covid-19/1670.txt,26.728.177/0001-80,1
3335,../data/Buscas de palavras chaves/Demanda Emergencial Covid-19/1672.txt,02.548.753/0001-80,1
3382,../data/Buscas de palavras chaves/Demanda Emergencial Covid-19/169.txt,07.377.498/0001-64,1
3444,../data/Buscas de palavras chaves/Demanda Emergencial Covid-19/169.txt,67.729.178/0001-91,1
3457,../data/Buscas de palavras chaves/Demanda Emergencial Covid-19/1700.txt,10.942.931/0001-36,1
3533,../data/Buscas de palavras chaves/Demanda Emergencial Covid-19/1709.txt,03.718.824/0001-05,1
3639,../data/Buscas de palavras chaves/Demanda Emergencial Covid-19/1719.txt,24.506.677/0001-57,1
3667,../data/Buscas de palavras chaves/Demanda Emergencial Covid-19/1728.txt,01.107.391/0002-63,1
3678,../data/Buscas de palavras chaves/Demanda Emergencial Covid-19/1731.txt,07.783.349/0001-97,1
3902,../data/Buscas de palavras chaves/Demanda Emergencial Covid-19/1805.txt,46.043.998/0001-04,1
4158,../data/Buscas de palavras chaves/Demanda Emergencial Covid-19/1943.txt,08.849.921/0001-56,1
4167,../data/Buscas de palavras chaves/Demanda Emergencial Covid-19/1943.txt,10.571.872/0001-53,1
4179,../data/Buscas de palavras chaves/Demanda Emergencial Covid-19/1943.txt,14.889.534/0001-06,1
4233,../data/Buscas de palavras chaves/Demanda Emergencial Covid-19/1947.txt,15.790.788/0001-19,1
4272,../data/Buscas de palavras chaves/Demanda Emergencial Covid-19/1954.txt,17.460.096/0001-38,1
4354,../data/Buscas de palavras chaves/Demanda Emergencial Covid-19/1959.txt,27.165.345/0001-90,1
4371,../data/Buscas de palavras chaves/Demanda Emergencial Covid-19/1959.txt,39.315.211/0001-94,1
4408,../data/Buscas de palavras chaves/Demanda Emergencial Covid-19/1961.txt,27.165.182/0001-21,1
4424,../data/Buscas de palavras chaves/Demanda Emergencial Covid-19/1961.txt,39.315.211/0001-94,2
4438,../data/Buscas de palavras chaves/Demanda Emergencial Covid-19/1987.txt,14.884.711/0001-45,2
4446,../data/Buscas de palavras chaves/Demanda Emergencial Covid-19/1987.txt,27.165.182/0001-21,2
5285,../data/Buscas de palavras chaves/Demanda Emergencial Covid-19/204.txt,14.884.711/0001-45,1
5326,../data/Buscas de palavras chaves/Demanda Emergencial Covid-19/205.txt,11.615.369/0001-35,1
5375,../data/Buscas de palavras chaves/Demanda Emergencial Covid-19/217.txt,26.938.887/0001-79,1
5393,../data/Buscas de palavras chaves/Demanda Emergencial Covid-19/217.txt,67.991.521/0001-09,1
5413,../data/Buscas de palavras chaves/Demanda Emergencial Covid-19/229.txt,00.740.969/0001-92,2
5534,../data/Buscas de palavras chaves/Demanda Emergencial Covid-19/287.txt,30.368.027/0001-56,1
6291,../data/Buscas de palavras chaves/Demanda Emergencial Covid-19/369.txt,46.948.113/0001-53,1
6339,../data/Buscas de palavras chaves/Demanda Emergencial Covid-19/419.txt,26.371.080/0001-60,1
6378,../data/Buscas de palavras chaves/Demanda Emergencial Covid-19/431.txt,30.286.804/0001-31,1
6648,../data/Buscas de palavras chaves/Demanda Emergencial Covid-19/55.txt,36.215.108/0001-24,1
6752,../data/Buscas de palavras chaves/Demanda Emergencial Covid-19/60.txt,12.968.901/0001-89,1
6794,../data/Buscas de palavras chaves/Demanda Emergencial Covid-19/615.txt,10.571.872/0001-53,1
7101,../data/Buscas de palavras chaves/Demanda Emergencial Covid-19/673.txt,11.041.059/0001-88,1
7169,../data/Buscas de palavras chaves/Demanda Emergencial Covid-19/690.txt,09.400.433/0001-44,1
7170,../data/Buscas de palavras chaves/Demanda Emergencial Covid-19/690.txt,09.428.831/0001-36,1
7268,../data/Buscas de palavras chaves/Demanda Emergencial Covid-19/704.txt,44.575.700/0001-41,1
7376,../data/Buscas de palavras chaves/Demanda Emergencial Covid-19/711.txt,09.494.737/0001-49,1
7407,../data/Buscas de palavras chaves/Demanda Emergencial Covid-19/715.txt,04.211.082/0001-31,1
7522,../data/Buscas de palavras chaves/Demanda Emergencial Covid-19/728.txt,19.682.663/0001-26,1
7528,../data/Buscas de palavras chaves/Demanda Emergencial Covid-19/728.txt,27.165.182/0001-21,1
7548,../data/Buscas de palavras chaves/Demanda Emergencial Covid-19/732.txt,07.199.118/0001-32,1
7552,../data/Buscas de palavras chaves/Demanda Emergencial Covid-19/732.txt,09.930.287/0001-60,1
8141,../data/Buscas de palavras chaves/Demanda Emergencial Covid-19/80.txt,00.162.137/2014-91,2
8214,../data/Buscas de palavras chaves/Demanda Emergencial Covid-19/80.txt,31.089.522/0001-41,1
8586,../data/Buscas de palavras chaves/Demanda Emergencial Covid-19/80.txt,44.133.819/0001-30,1
8587,../data/Buscas de palavras chaves/Demanda Emergencial Covid-19/80.txt,45.229.153/0001-10,1
8661,../data/Buscas de palavras chaves/Demanda Emergencial Covid-19/843.txt,02.728.618/0001-21,1
8732,../data/Buscas de palavras chaves/Demanda Emergencial Covid-19/882.txt,14.884.711/0001-45,2
8743,../data/Buscas de palavras chaves/Demanda Emergencial Covid-19/882.txt,27.165.182/0001-21,2
8783,../data/Buscas de palavras chaves/Demanda Emergencial Covid-19/896.txt,62.729.178/0004-91,1
8814,../data/Buscas de palavras chaves/Demanda Emergencial Covid-19/900.txt,20.992.487/0001-40,1
8842,../data/Buscas de palavras chaves/Demanda Emergencial Covid-19/900.txt,93.399.400/0001-38,1
8857,../data/Buscas de palavras chaves/Demanda Emergencial Covid-19/912.txt,16.941.580/0001-80,1
8868,../data/Buscas de palavras chaves/Demanda Emergencial Covid-19/912.txt,27.167.745/0001-67,2
8886,../data/Buscas de palavras chaves/Demanda Emergencial Covid-19/922.txt,00.881.181/0001-57,1
8930,../data/Buscas de palavras chaves/Demanda Emergencial Covid-19/922.txt,36.215.108/0001-24,1
8945,../data/Buscas de palavras chaves/Demanda Emergencial Covid-19/924.txt,62.729.178/0004-91,1
9175,../data/Buscas de palavras chaves/Demanda Emergencial Covid-19/999.txt,06.044.486/0001-66,1
39,../data/Buscas de palavras chaves/_ventilador pulmonar_/1531.txt,05.400.066/0001-70,1
118,../data/Buscas de palavras chaves/_ventilador pulmonar_/1687.txt,02.881.887/0001-64,1
177,../data/Buscas de palavras chaves/_ventilador pulmonar_/1687.txt,51.260.743/0001-34,1
178,../data/Buscas de palavras chaves/_ventilador pulmonar_/1687.txt,52.488.629/0008-66,1
203,../data/Buscas de palavras chaves/_ventilador pulmonar_/169.txt,07.377.498/0001-64,1
265,../data/Buscas de palavras chaves/_ventilador pulmonar_/169.txt,67.729.178/0001-91,1
391,../data/Buscas de palavras chaves/_ventilador pulmonar_/205.txt,11.615.369/0001-35,1
426,../data/Buscas de palavras chaves/_ventilador pulmonar_/237.txt,10.942.831/0001-38,1
447,../data/Buscas de palavras chaves/_ventilador pulmonar_/237.txt,26.726.117/0001-80,1
591,../data/Buscas de palavras chaves/_ventilador pulmonar_/640.txt,24.506.677/0001-57,1
606,../data/Buscas de palavras chaves/_ventilador pulmonar_/640.txt,50.856.251/0001-21,1
624,../data/Buscas de palavras chaves/_ventilador pulmonar_/732.txt,07.199.118/0001-32,1
628,../data/Buscas de palavras chaves/_ventilador pulmonar_/732.txt,09.930.287/0001-60,1
685,../data/Buscas de palavras chaves/_ventilador pulmonar_/845.txt,12.396.933/0001-41,1
702,../data/Buscas de palavras chaves/_ventilador pulmonar_/845.txt,23.767.722/0001-59,4
704,../data/Buscas de palavras chaves/_ventilador pulmonar_/845.txt,24.195.598/0001-42,1
718,../data/Buscas de palavras chaves/_ventilador pulmonar_/922.txt,00.881.181/0001-57,1
762,../data/Buscas de palavras chaves/_ventilador pulmonar_/922.txt,36.215.108/0001-24,1
28,../data/Buscas de palavras chaves/RT-PCR/1287.txt,00.612.203/0001-01,2
184,../data/Buscas de palavras chaves/RT-PCR/1529.txt,01.631.225/0001-51,1
302,../data/Buscas de palavras chaves/RT-PCR/1805.txt,46.043.998/0001-04,1
317,../data/Buscas de palavras chaves/RT-PCR/1870.txt,00.057.747/9891-72,1
416,../data/Buscas de palavras chaves/RT-PCR/1947.txt,15.790.788/0001-19,1
698,../data/Buscas de palavras chaves/RT-PCR/80.txt,00.162.137/2014-91,2
771,../data/Buscas de palavras chaves/RT-PCR/80.txt,31.089.522/0001-41,1
1143,../data/Buscas de palavras chaves/RT-PCR/80.txt,44.133.819/0001-30,1
1144,../data/Buscas de palavras chaves/RT-PCR/80.txt,45.229.153/0001-10,1
1167,../data/Buscas de palavras chaves/RT-PCR/882.txt,14.884.711/0001-45,2
1178,../data/Buscas de palavras chaves/RT-PCR/882.txt,27.165.182/0001-21,2
1280,../data/Buscas de palavras chaves/RT-PCR/914.txt,33.936.618/0001-07,1
1308,../data/Buscas de palavras chaves/RT-PCR/949.txt,09.400.433/0001-44,1
1347,../data/Buscas de palavras chaves/RT-PCR/949.txt,50.856.251/0001-21,1
1375,../data/Buscas de palavras chaves/RT-PCR/971.txt,10.999.751/0001-07,1
251,../data/Buscas de palavras chaves/_Equipamentos de Proteção Individual_/1029.txt,11.615.369/0001-35,1
270,../data/Buscas de palavras chaves/_Equipamentos de Proteção Individual_/1029.txt,26.113.297/0001-96,1
362,../data/Buscas de palavras chaves/_Equipamentos de Proteção Individual_/1060.txt,36.215.108/0001-24,1
484,../data/Buscas de palavras chaves/_Equipamentos de Proteção Individual_/1094.txt,28.055.226/0001-16,1
507,../data/Buscas de palavras chaves/_Equipamentos de Proteção Individual_/1105.txt,01.785.355/0001-40,1
636,../data/Buscas de palavras chaves/_Equipamentos de Proteção Individual_/1144.txt,13.335.920/0001-20,1
658,../data/Buscas de palavras chaves/_Equipamentos de Proteção Individual_/1144.txt,32.194.305/0001-12,1
824,../data/Buscas de palavras chaves/_Equipamentos de Proteção Individual_/1168.txt,27.165.345/0001-90,1
844,../data/Buscas de palavras chaves/_Equipamentos de Proteção Individual_/1177.txt,00.924.195/0001-06,1
1005,../data/Buscas de palavras chaves/_Equipamentos de Proteção Individual_/1224.txt,06.629.746/0001-09,1
1187,../data/Buscas de palavras chaves/_Equipamentos de Proteção Individual_/1256.txt,02.205.536/0001-42,1
1284,../data/Buscas de palavras chaves/_Equipamentos de Proteção Individual_/1256.txt,26.552.982/0001-75,1
1357,../data/Buscas de palavras chaves/_Equipamentos de Proteção Individual_/1269.txt,08.447.694/0001-64,1
1450,../data/Buscas de palavras chaves/_Equipamentos de Proteção Individual_/1304.txt,21.822.665/0001-60,1
1512,../data/Buscas de palavras chaves/_Equipamentos de Proteção Individual_/132.txt,13.015.833/0001-55,5
1576,../data/Buscas de palavras chaves/_Equipamentos de Proteção Individual_/1324.txt,09.378.619/0001-99,7
1673,../data/Buscas de palavras chaves/_Equipamentos de Proteção Individual_/1392.txt,00.000.000/0001-00,2
1828,../data/Buscas de palavras chaves/_Equipamentos de Proteção Individual_/140.txt,24.810.340/0001-10,1
1870,../data/Buscas de palavras chaves/_Equipamentos de Proteção Individual_/1429.txt,79.846.465/0001-81,2
1890,../data/Buscas de palavras chaves/_Equipamentos de Proteção Individual_/1431.txt,05.063.395/0001-30,1
1896,../data/Buscas de palavras chaves/_Equipamentos de Proteção Individual_/1431.txt,21.993.497/0001-70,1
1908,../data/Buscas de palavras chaves/_Equipamentos de Proteção Individual_/1433.txt,01.367.217/0001-41,1
2075,../data/Buscas de palavras chaves/_Equipamentos de Proteção Individual_/1451.txt,33.871.336/0002-62,1
2107,../data/Buscas de palavras chaves/_Equipamentos de Proteção Individual_/1456.txt,27.353.630/0004-04,1
2196,../data/Buscas de palavras chaves/_Equipamentos de Proteção Individual_/1496.txt,04.630.415/0001-18,1
2216,../data/Buscas de palavras chaves/_Equipamentos de Proteção Individual_/1496.txt,88.148.719/0001-61,1
2253,../data/Buscas de palavras chaves/_Equipamentos de Proteção Individual_/1511.txt,11.957.593/0001-10,1
2278,../data/Buscas de palavras chaves/_Equipamentos de Proteção Individual_/1511.txt,27.708.186/0001-33,1
2312,../data/Buscas de palavras chaves/_Equipamentos de Proteção Individual_/1531.txt,05.400.066/0001-70,1
2549,../data/Buscas de palavras chaves/_Equipamentos de Proteção Individual_/1643.txt,12.264.563/0001-03,1
2594,../data/Buscas de palavras chaves/_Equipamentos de Proteção Individual_/1668.txt,73.937.724/0001-20,1
2606,../data/Buscas de palavras chaves/_Equipamentos de Proteção Individual_/169.txt,07.377.498/0001-64,1
2668,../data/Buscas de palavras chaves/_Equipamentos de Proteção Individual_/169.txt,67.729.178/0001-91,1
2700,../data/Buscas de palavras chaves/_Equipamentos de Proteção Individual_/1700.txt,10.942.931/0001-36,1
2867,../data/Buscas de palavras chaves/_Equipamentos de Proteção Individual_/1719.txt,24.506.677/0001-57,1
3100,../data/Buscas de palavras chaves/_Equipamentos de Proteção Individual_/1858.txt,00.164.118/2014-08,1
3210,../data/Buscas de palavras chaves/_Equipamentos de Proteção Individual_/1870.txt,00.057.747/9891-72,1
3395,../data/Buscas de palavras chaves/_Equipamentos de Proteção Individual_/1943.txt,08.849.921/0001-56,1
3404,../data/Buscas de palavras chaves/_Equipamentos de Proteção Individual_/1943.txt,10.571.872/0001-53,1
3416,../data/Buscas de palavras chaves/_Equipamentos de Proteção Individual_/1943.txt,14.889.534/0001-06,1
3484,../data/Buscas de palavras chaves/_Equipamentos de Proteção Individual_/1959.txt,27.165.345/0001-90,1
3501,../data/Buscas de palavras chaves/_Equipamentos de Proteção Individual_/1959.txt,39.315.211/0001-94,1
3538,../data/Buscas de palavras chaves/_Equipamentos de Proteção Individual_/1961.txt,27.165.182/0001-21,1
3554,../data/Buscas de palavras chaves/_Equipamentos de Proteção Individual_/1961.txt,39.315.211/0001-94,2
3571,../data/Buscas de palavras chaves/_Equipamentos de Proteção Individual_/1986.txt,11.615.369/0001-35,1
3598,../data/Buscas de palavras chaves/_Equipamentos de Proteção Individual_/1987.txt,14.884.711/0001-45,2
3606,../data/Buscas de palavras chaves/_Equipamentos de Proteção Individual_/1987.txt,27.165.182/0001-21,2
4466,../data/Buscas de palavras chaves/_Equipamentos de Proteção Individual_/205.txt,11.615.369/0001-35,1
4961,../data/Buscas de palavras chaves/_Equipamentos de Proteção Individual_/280.txt,36.325.257/0001-34,1
4981,../data/Buscas de palavras chaves/_Equipamentos de Proteção Individual_/334.txt,30.852.358/0001-85,1
5218,../data/Buscas de palavras chaves/_Equipamentos de Proteção Individual_/395.txt,14.432.557/0001-79,1
5246,../data/Buscas de palavras chaves/_Equipamentos de Proteção Individual_/395.txt,79.716.613/0001-33,1
5422,../data/Buscas de palavras chaves/_Equipamentos de Proteção Individual_/535.txt,06.164.446/0001-02,1
5527,../data/Buscas de palavras chaves/_Equipamentos de Proteção Individual_/55.txt,36.215.108/0001-24,1
5572,../data/Buscas de palavras chaves/_Equipamentos de Proteção Individual_/560.txt,34.235.146/0001-60,1
5705,../data/Buscas de palavras chaves/_Equipamentos de Proteção Individual_/640.txt,24.506.677/0001-57,1
5720,../data/Buscas de palavras chaves/_Equipamentos de Proteção Individual_/640.txt,50.856.251/0001-21,1
5937,../data/Buscas de palavras chaves/_Equipamentos de Proteção Individual_/673.txt,11.041.059/0001-88,1
6097,../data/Buscas de palavras chaves/_Equipamentos de Proteção Individual_/728.txt,19.682.663/0001-26,1
6103,../data/Buscas de palavras chaves/_Equipamentos de Proteção Individual_/728.txt,27.165.182/0001-21,1
6496,../data/Buscas de palavras chaves/_Equipamentos de Proteção Individual_/835.txt,22.259.013/0001-02,2
6552,../data/Buscas de palavras chaves/_Equipamentos de Proteção Individual_/845.txt,12.396.933/0001-41,1
6569,../data/Buscas de palavras chaves/_Equipamentos de Proteção Individual_/845.txt,23.767.722/0001-59,4
6571,../data/Buscas de palavras chaves/_Equipamentos de Proteção Individual_/845.txt,24.195.598/0001-42,1
6598,../data/Buscas de palavras chaves/_Equipamentos de Proteção Individual_/882.txt,14.884.711/0001-45,2
6609,../data/Buscas de palavras chaves/_Equipamentos de Proteção Individual_/882.txt,27.165.182/0001-21,2
6649,../data/Buscas de palavras chaves/_Equipamentos de Proteção Individual_/900.txt,20.992.487/0001-40,1
6677,../data/Buscas de palavras chaves/_Equipamentos de Proteção Individual_/900.txt,93.399.400/0001-38,1
6692,../data/Buscas de palavras chaves/_Equipamentos de Proteção Individual_/903.txt,12.063.197/0001-59,1
6732,../data/Buscas de palavras chaves/_Equipamentos de Proteção Individual_/912.txt,16.941.580/0001-80,1
6743,../data/Buscas de palavras chaves/_Equipamentos de Proteção Individual_/912.txt,27.167.745/0001-67,2
6804,../data/Buscas de palavras chaves/_Equipamentos de Proteção Individual_/922.txt,00.881.181/0001-57,1
6848,../data/Buscas de palavras chaves/_Equipamentos de Proteção Individual_/922.txt,36.215.108/0001-24,1
7028,../data/Buscas de palavras chaves/_Equipamentos de Proteção Individual_/949.txt,09.400.433/0001-44,1
7067,../data/Buscas de palavras chaves/_Equipamentos de Proteção Individual_/949.txt,50.856.251/0001-21,1
7109,../data/Buscas de palavras chaves/_Equipamentos de Proteção Individual_/971.txt,10.999.751/0001-07,1
7458,../data/Buscas de palavras chaves/_Equipamentos de Proteção Individual_/999.txt,06.044.486/0001-66,1
5,../data/Buscas de palavras chaves/_ventiladores pulmonares_/1012.txt,21.239.429/0001-05,1
20,../data/Buscas de palavras chaves/_ventiladores pulmonares_/1687.txt,02.881.887/0001-64,1
79,../data/Buscas de palavras chaves/_ventiladores pulmonares_/1687.txt,51.260.743/0001-34,1
80,../data/Buscas de palavras chaves/_ventiladores pulmonares_/1687.txt,52.488.629/0008-66,1
777,../data/Buscas de palavras chaves/_ventiladores pulmonares_/262.txt,08.285.346/0001-04,1
839,../data/Buscas de palavras chaves/_ventiladores pulmonares_/640.txt,24.506.677/0001-57,1
854,../data/Buscas de palavras chaves/_ventiladores pulmonares_/640.txt,50.856.251/0001-21,1
174,../data/Buscas de palavras chaves/_Dispensa de licitação_/101.txt,09.929.813/0001-89,1
192,../data/Buscas de palavras chaves/_Dispensa de licitação_/1012.txt,21.239.429/0001-05,1
313,../data/Buscas de palavras chaves/_Dispensa de licitação_/1029.txt,11.615.369/0001-35,1
332,../data/Buscas de palavras chaves/_Dispensa de licitação_/1029.txt,26.113.297/0001-96,1
343,../data/Buscas de palavras chaves/_Dispensa de licitação_/103.txt,01.803.618/0001-85,2
349,../data/Buscas de palavras chaves/_Dispensa de licitação_/103.txt,07.654.468/0001-60,1
357,../data/Buscas de palavras chaves/_Dispensa de licitação_/103.txt,12.224.044/0001-47,1
394,../data/Buscas de palavras chaves/_Dispensa de licitação_/1047.txt,12.196.993/0001-41,1
422,../data/Buscas de palavras chaves/_Dispensa de licitação_/1052.txt,05.196.551/0001-01,1
432,../data/Buscas de palavras chaves/_Dispensa de licitação_/1052.txt,20.789.197/0001-85,1
529,../data/Buscas de palavras chaves/_Dispensa de licitação_/1060.txt,36.215.108/0001-24,1
704,../data/Buscas de palavras chaves/_Dispensa de licitação_/1071.txt,10.834.744/0001-19,1
708,../data/Buscas de palavras chaves/_Dispensa de licitação_/1071.txt,15.363.151/0001-67,1
884,../data/Buscas de palavras chaves/_Dispensa de licitação_/1092.txt,08.294.413/0001-76,1
909,../data/Buscas de palavras chaves/_Dispensa de licitação_/1092.txt,22.240.363/0001-57,1
1002,../data/Buscas de palavras chaves/_Dispensa de licitação_/1094.txt,28.055.226/0001-16,1
1025,../data/Buscas de palavras chaves/_Dispensa de licitação_/1105.txt,01.785.355/0001-40,1
1114,../data/Buscas de palavras chaves/_Dispensa de licitação_/1108.txt,09.537.386/0001-10,1
1135,../data/Buscas de palavras chaves/_Dispensa de licitação_/1112.txt,24.501.340/0001-44,1
1159,../data/Buscas de palavras chaves/_Dispensa de licitação_/1119.txt,02.814.497/0007-98,1
2056,../data/Buscas de palavras chaves/_Dispensa de licitação_/1128.txt,27.165.182/0001-21,1
2207,../data/Buscas de palavras chaves/_Dispensa de licitação_/1142.txt,12.196.993/0001-41,1
2278,../data/Buscas de palavras chaves/_Dispensa de licitação_/1144.txt,13.335.920/0001-20,1
2300,../data/Buscas de palavras chaves/_Dispensa de licitação_/1144.txt,32.194.305/0001-12,1
2588,../data/Buscas de palavras chaves/_Dispensa de licitação_/1162.txt,14.667.969/0001-19,1
2595,../data/Buscas de palavras chaves/_Dispensa de licitação_/1162.txt,18.770.251/0001-01,1
2609,../data/Buscas de palavras chaves/_Dispensa de licitação_/1162.txt,88.559.493/0001-79,1
2611,../data/Buscas de palavras chaves/_Dispensa de licitação_/1162.txt,91.338.384/0004-02,1
2653,../data/Buscas de palavras chaves/_Dispensa de licitação_/1168.txt,27.165.345/0001-90,1
2825,../data/Buscas de palavras chaves/_Dispensa de licitação_/1190.txt,08.942.276/0001-08,1
3039,../data/Buscas de palavras chaves/_Dispensa de licitação_/1224.txt,06.629.746/0001-09,1
3148,../data/Buscas de palavras chaves/_Dispensa de licitação_/1229.txt,11.615.369/0001-35,1
3331,../data/Buscas de palavras chaves/_Dispensa de licitação_/1252.txt,32.934.693/0001-13,1
3360,../data/Buscas de palavras chaves/_Dispensa de licitação_/1253.txt,12.342.574/0001-14,1
3481,../data/Buscas de palavras chaves/_Dispensa de licitação_/1269.txt,08.447.694/0001-64,1
3526,../data/Buscas de palavras chaves/_Dispensa de licitação_/1270.txt,01.741.721/0001-48,1
3536,../data/Buscas de palavras chaves/_Dispensa de licitação_/1270.txt,04.496.562/0001-59,2
3548,../data/Buscas de palavras chaves/_Dispensa de licitação_/1270.txt,06.626.253/0443-45,1
3621,../data/Buscas de palavras chaves/_Dispensa de licitação_/1270.txt,32.867.889/0001-05,1
3687,../data/Buscas de palavras chaves/_Dispensa de licitação_/1287.txt,00.612.203/0001-01,2
3726,../data/Buscas de palavras chaves/_Dispensa de licitação_/1289.txt,00.331.778/0016-03,4
3729,../data/Buscas de palavras chaves/_Dispensa de licitação_/1289.txt,00.868.640/0001-43,1
3836,../data/Buscas de palavras chaves/_Dispensa de licitação_/1295.txt,03.470.235/0001-75,1
3946,../data/Buscas de palavras chaves/_Dispensa de licitação_/1295.txt,33.803.347/0001-53,1
4032,../data/Buscas de palavras chaves/_Dispensa de licitação_/1304.txt,21.822.665/0001-60,1
4190,../data/Buscas de palavras chaves/_Dispensa de licitação_/1310.txt,08.460.310/0001-12,1
4199,../data/Buscas de palavras chaves/_Dispensa de licitação_/1310.txt,17.773.376/0001-00,1
4215,../data/Buscas de palavras chaves/_Dispensa de licitação_/1310.txt,26.040.691/0004-40,1
4306,../data/Buscas de palavras chaves/_Dispensa de licitação_/1316.txt,07.049.137/2000-00,1
4338,../data/Buscas de palavras chaves/_Dispensa de licitação_/132.txt,13.015.833/0001-55,5
4402,../data/Buscas de palavras chaves/_Dispensa de licitação_/1327.txt,20.478.426/0001-35,1
4407,../data/Buscas de palavras chaves/_Dispensa de licitação_/1327.txt,21.993.497/0001-70,1
4430,../data/Buscas de palavras chaves/_Dispensa de licitação_/1336.txt,17.397.019/0001-90,3
4640,../data/Buscas de palavras chaves/_Dispensa de licitação_/1356.txt,21.933.197/0001-70,1
4757,../data/Buscas de palavras chaves/_Dispensa de licitação_/1372.txt,17.168.369/0001-83,1
4836,../data/Buscas de palavras chaves/_Dispensa de licitação_/1384.txt,00.740.969/0001-92,1
4851,../data/Buscas de palavras chaves/_Dispensa de licitação_/1385.txt,17.183.464/0001-03,1
4888,../data/Buscas de palavras chaves/_Dispensa de licitação_/1391.txt,46.721.473/2020-36,1
4889,../data/Buscas de palavras chaves/_Dispensa de licitação_/1392.txt,00.000.000/0001-00,2
5046,../data/Buscas de palavras chaves/_Dispensa de licitação_/140.txt,24.810.340/0001-10,1
5078,../data/Buscas de palavras chaves/_Dispensa de licitação_/1402.txt,28.509.387/0001-91,1
5168,../data/Buscas de palavras chaves/_Dispensa de licitação_/1429.txt,79.846.465/0001-81,2
5188,../data/Buscas de palavras chaves/_Dispensa de licitação_/1431.txt,05.063.395/0001-30,1
5194,../data/Buscas de palavras chaves/_Dispensa de licitação_/1431.txt,21.993.497/0001-70,1
5206,../data/Buscas de palavras chaves/_Dispensa de licitação_/1433.txt,01.367.217/0001-41,1
5287,../data/Buscas de palavras chaves/_Dispensa de licitação_/1436.txt,34.275.938/0001-90,1
5356,../data/Buscas de palavras chaves/_Dispensa de licitação_/145.txt,05.283.511/0001-87,1
5419,../data/Buscas de palavras chaves/_Dispensa de licitação_/1451.txt,33.871.336/0002-62,1
5462,../data/Buscas de palavras chaves/_Dispensa de licitação_/1456.txt,27.353.630/0004-04,1
5501,../data/Buscas de palavras chaves/_Dispensa de licitação_/1464.txt,04.675.247/0007-69,1
5684,../data/Buscas de palavras chaves/_Dispensa de licitação_/1496.txt,04.630.415/0001-18,1
5704,../data/Buscas de palavras chaves/_Dispensa de licitação_/1496.txt,88.148.719/0001-61,1
5836,../data/Buscas de palavras chaves/_Dispensa de licitação_/1511.txt,11.957.593/0001-10,1
5861,../data/Buscas de palavras chaves/_Dispensa de licitação_/1511.txt,27.708.186/0001-33,1
5900,../data/Buscas de palavras chaves/_Dispensa de licitação_/1512.txt,09.136.844/0001-46,1
6002,../data/Buscas de palavras chaves/_Dispensa de licitação_/1529.txt,01.631.225/0001-51,1
6024,../data/Buscas de palavras chaves/_Dispensa de licitação_/1531.txt,05.400.066/0001-70,1
6149,../data/Buscas de palavras chaves/_Dispensa de licitação_/1539.txt,01.107.391/0002-63,2
6242,../data/Buscas de palavras chaves/_Dispensa de licitação_/1550.txt,25.546.038/0001-65,4
6263,../data/Buscas de palavras chaves/_Dispensa de licitação_/1550.txt,80.671.631/0001-57,7
6280,../data/Buscas de palavras chaves/_Dispensa de licitação_/1550.txt,83.253.800/0001-03,2
6292,../data/Buscas de palavras chaves/_Dispensa de licitação_/1550.txt,85.509.712/0001-03,2
6958,../data/Buscas de palavras chaves/_Dispensa de licitação_/1558.txt,08.960.920/0001-81,1
6971,../data/Buscas de palavras chaves/_Dispensa de licitação_/1558.txt,27.165.182/0001-21,1
6991,../data/Buscas de palavras chaves/_Dispensa de licitação_/1558.txt,79.716.613/0001-33,1
7112,../data/Buscas de palavras chaves/_Dispensa de licitação_/1566.txt,94.516.533/0001-49,1
7118,../data/Buscas de palavras chaves/_Dispensa de licitação_/157.txt,04.200.645/0001-10,1
7221,../data/Buscas de palavras chaves/_Dispensa de licitação_/1573.txt,15.104.656/0001-87,2
7374,../data/Buscas de palavras chaves/_Dispensa de licitação_/1593.txt,21.926.105/0001-12,1
7506,../data/Buscas de palavras chaves/_Dispensa de licitação_/1607.txt,51.260.743/0001-34,1
7753,../data/Buscas de palavras chaves/_Dispensa de licitação_/1629.txt,13.278.423/0001-00,1
7777,../data/Buscas de palavras chaves/_Dispensa de licitação_/163.txt,46.722.962/2020-13,1
7932,../data/Buscas de palavras chaves/_Dispensa de licitação_/1643.txt,12.264.563/0001-03,1
8062,../data/Buscas de palavras chaves/_Dispensa de licitação_/1653.txt,09.316.084/0002-60,1
8144,../data/Buscas de palavras chaves/_Dispensa de licitação_/1671.txt,80.590.045/0008-70,1
8148,../data/Buscas de palavras chaves/_Dispensa de licitação_/1672.txt,02.548.753/0001-80,1
8286,../data/Buscas de palavras chaves/_Dispensa de licitação_/1684.txt,19.946.998/0001-25,1
8306,../data/Buscas de palavras chaves/_Dispensa de licitação_/1687.txt,02.881.887/0001-64,1
8365,../data/Buscas de palavras chaves/_Dispensa de licitação_/1687.txt,51.260.743/0001-34,1
8366,../data/Buscas de palavras chaves/_Dispensa de licitação_/1687.txt,52.488.629/0008-66,1
8410,../data/Buscas de palavras chaves/_Dispensa de licitação_/169.txt,07.377.498/0001-64,1
8472,../data/Buscas de palavras chaves/_Dispensa de licitação_/169.txt,67.729.178/0001-91,1
8574,../data/Buscas de palavras chaves/_Dispensa de licitação_/1709.txt,03.718.824/0001-05,1
8614,../data/Buscas de palavras chaves/_Dispensa de licitação_/1720.txt,11.948.955/0001-97,1
8643,../data/Buscas de palavras chaves/_Dispensa de licitação_/1720.txt,27.614.605/0001-08,1
8688,../data/Buscas de palavras chaves/_Dispensa de licitação_/1721.txt,23.464.348/0001-08,1
8707,../data/Buscas de palavras chaves/_Dispensa de licitação_/1728.txt,01.107.391/0002-63,1
8723,../data/Buscas de palavras chaves/_Dispensa de licitação_/1731.txt,07.783.349/0001-97,1
8790,../data/Buscas de palavras chaves/_Dispensa de licitação_/1744.txt,13.227.038/0001-87,1
8835,../data/Buscas de palavras chaves/_Dispensa de licitação_/1753.txt,15.392.151/0001-67,1
8836,../data/Buscas de palavras chaves/_Dispensa de licitação_/1753.txt,20.748.496/0001-35,1
8837,../data/Buscas de palavras chaves/_Dispensa de licitação_/1753.txt,24.695.513/0001-03,1
8965,../data/Buscas de palavras chaves/_Dispensa de licitação_/1761.txt,92.975.341/0002-09,1
9001,../data/Buscas de palavras chaves/_Dispensa de licitação_/1771.txt,22.763.710/0001-22,1
9108,../data/Buscas de palavras chaves/_Dispensa de licitação_/1774.txt,25.265.954/0001-04,1
9126,../data/Buscas de palavras chaves/_Dispensa de licitação_/1779.txt,10.140.720/0001-26,1
9229,../data/Buscas de palavras chaves/_Dispensa de licitação_/1790.txt,50.722.537/2020-09,1
9430,../data/Buscas de palavras chaves/_Dispensa de licitação_/1805.txt,46.043.998/0001-04,1
9952,../data/Buscas de palavras chaves/_Dispensa de licitação_/1847.txt,02.091.365/0065-13,1
9962,../data/Buscas de palavras chaves/_Dispensa de licitação_/1847.txt,04.496.526/0001-29,1
10030,../data/Buscas de palavras chaves/_Dispensa de licitação_/1870.txt,00.057.747/9891-72,1
10093,../data/Buscas de palavras chaves/_Dispensa de licitação_/1876.txt,09.537.386/0001-10,1
10278,../data/Buscas de palavras chaves/_Dispensa de licitação_/189.txt,02.091.365/0065-13,1
10318,../data/Buscas de palavras chaves/_Dispensa de licitação_/189.txt,13.405.319/0031-49,1
10362,../data/Buscas de palavras chaves/_Dispensa de licitação_/189.txt,73.849.952/0009-24,1
10470,../data/Buscas de palavras chaves/_Dispensa de licitação_/19.txt,18.283.221/0001-42,2
10625,../data/Buscas de palavras chaves/_Dispensa de licitação_/1929.txt,01.026.798/0001-30,1
10626,../data/Buscas de palavras chaves/_Dispensa de licitação_/1929.txt,03.908.897/0001-73,1
10651,../data/Buscas de palavras chaves/_Dispensa de licitação_/1940.txt,05.134.513/0001-21,1
11303,../data/Buscas de palavras chaves/_Dispensa de licitação_/1943.txt,08.849.921/0001-56,1
11312,../data/Buscas de palavras chaves/_Dispensa de licitação_/1943.txt,10.571.872/0001-53,1
11324,../data/Buscas de palavras chaves/_Dispensa de licitação_/1943.txt,14.889.534/0001-06,1
11417,../data/Buscas de palavras chaves/_Dispensa de licitação_/1947.txt,15.790.788/0001-19,1
11470,../data/Buscas de palavras chaves/_Dispensa de licitação_/1959.txt,27.165.345/0001-90,1
11487,../data/Buscas de palavras chaves/_Dispensa de licitação_/1959.txt,39.315.211/0001-94,1
11558,../data/Buscas de palavras chaves/_Dispensa de licitação_/1961.txt,27.165.182/0001-21,1
11574,../data/Buscas de palavras chaves/_Dispensa de licitação_/1961.txt,39.315.211/0001-94,2
11652,../data/Buscas de palavras chaves/_Dispensa de licitação_/1979.txt,15.362.151/0001-57,1
11664,../data/Buscas de palavras chaves/_Dispensa de licitação_/1979.txt,21.993.497/0001-70,1
12263,../data/Buscas de palavras chaves/_Dispensa de licitação_/1984.txt,18.847.478/0001-66,1
12266,../data/Buscas de palavras chaves/_Dispensa de licitação_/1984.txt,32.225.338/0001-15,1
12268,../data/Buscas de palavras chaves/_Dispensa de licitação_/1984.txt,88.148.719/0001-61,2
12281,../data/Buscas de palavras chaves/_Dispensa de licitação_/1986.txt,11.615.369/0001-35,1
12308,../data/Buscas de palavras chaves/_Dispensa de licitação_/1987.txt,14.884.711/0001-45,2
12316,../data/Buscas de palavras chaves/_Dispensa de licitação_/1987.txt,27.165.182/0001-21,2
12361,../data/Buscas de palavras chaves/_Dispensa de licitação_/1998.txt,66.581.267/0001-83,1
12492,../data/Buscas de palavras chaves/_Dispensa de licitação_/2000.txt,04.198.994/0001-52,1
13418,../data/Buscas de palavras chaves/_Dispensa de licitação_/2016.txt,21.307.048/0001-30,1
13435,../data/Buscas de palavras chaves/_Dispensa de licitação_/2016.txt,28.845.457/0001-65,1
13464,../data/Buscas de palavras chaves/_Dispensa de licitação_/202.txt,33.014.559/0307-70,1
13576,../data/Buscas de palavras chaves/_Dispensa de licitação_/204.txt,14.884.711/0001-45,1
13730,../data/Buscas de palavras chaves/_Dispensa de licitação_/229.txt,00.740.969/0001-92,2
13801,../data/Buscas de palavras chaves/_Dispensa de licitação_/237.txt,10.942.831/0001-38,1
13822,../data/Buscas de palavras chaves/_Dispensa de licitação_/237.txt,26.726.117/0001-80,1
14087,../data/Buscas de palavras chaves/_Dispensa de licitação_/257.txt,54.426.628/0001-33,1
14108,../data/Buscas de palavras chaves/_Dispensa de licitação_/26.txt,34.407.806/0001-46,1
14115,../data/Buscas de palavras chaves/_Dispensa de licitação_/260.txt,19.946.998/0001-25,1
14129,../data/Buscas de palavras chaves/_Dispensa de licitação_/264.txt,15.363.151/0001-67,1
14136,../data/Buscas de palavras chaves/_Dispensa de licitação_/268.txt,02.223.923/0001-19,1
14185,../data/Buscas de palavras chaves/_Dispensa de licitação_/276.txt,17.713.959/0001-10,1
14190,../data/Buscas de palavras chaves/_Dispensa de licitação_/278.txt,02.091.365/0065-13,1
14222,../data/Buscas de palavras chaves/_Dispensa de licitação_/278.txt,19.049.456/0001-38,1
14335,../data/Buscas de palavras chaves/_Dispensa de licitação_/310.txt,20.092.287/0001-05,1
14356,../data/Buscas de palavras chaves/_Dispensa de licitação_/311.txt,08.274.413/0001-91,1
14369,../data/Buscas de palavras chaves/_Dispensa de licitação_/311.txt,27.484.316/0001-53,1
14437,../data/Buscas de palavras chaves/_Dispensa de licitação_/321.txt,17.504.502/0001-06,1
14523,../data/Buscas de palavras chaves/_Dispensa de licitação_/334.txt,30.852.358/0001-85,1
14550,../data/Buscas de palavras chaves/_Dispensa de licitação_/34.txt,43.942.258/0001-46,1
14608,../data/Buscas de palavras chaves/_Dispensa de licitação_/343.txt,02.520.829/0001-10,1
14612,../data/Buscas de palavras chaves/_Dispensa de licitação_/343.txt,05.919.156/0001-64,1
14681,../data/Buscas de palavras chaves/_Dispensa de licitação_/345.txt,01.803.618/0001-85,2
14703,../data/Buscas de palavras chaves/_Dispensa de licitação_/349.txt,36.970.685/0001-45,1
14791,../data/Buscas de palavras chaves/_Dispensa de licitação_/362.txt,11.320.039/0001-04,1
14802,../data/Buscas de palavras chaves/_Dispensa de licitação_/362.txt,32.364.729/0001-29,1
14808,../data/Buscas de palavras chaves/_Dispensa de licitação_/362.txt,75.039.590/0001-99,1
15809,../data/Buscas de palavras chaves/_Dispensa de licitação_/39.txt,00.148.007/0001-20,1
15840,../data/Buscas de palavras chaves/_Dispensa de licitação_/395.txt,14.432.557/0001-79,1
15868,../data/Buscas de palavras chaves/_Dispensa de licitação_/395.txt,79.716.613/0001-33,1
15918,../data/Buscas de palavras chaves/_Dispensa de licitação_/414.txt,17.496.083/0001-83,1
16037,../data/Buscas de palavras chaves/_Dispensa de licitação_/419.txt,26.371.080/0001-60,1
16093,../data/Buscas de palavras chaves/_Dispensa de licitação_/431.txt,30.286.804/0001-31,1
16484,../data/Buscas de palavras chaves/_Dispensa de licitação_/489.txt,01.490.870/0001-12,1
16486,../data/Buscas de palavras chaves/_Dispensa de licitação_/489.txt,02.141.324/5000-07,1
16488,../data/Buscas de palavras chaves/_Dispensa de licitação_/489.txt,05.496.511/0001-01,1
16500,../data/Buscas de palavras chaves/_Dispensa de licitação_/489.txt,15.363.151/0001-67,1
16507,../data/Buscas de palavras chaves/_Dispensa de licitação_/489.txt,24.695.513/0001-03,1
16637,../data/Buscas de palavras chaves/_Dispensa de licitação_/503.txt,84.304.179/0012-02,1
16654,../data/Buscas de palavras chaves/_Dispensa de licitação_/51.txt,02.022.520/0001-94,1
16684,../data/Buscas de palavras chaves/_Dispensa de licitação_/51.txt,10.332.226/0001-07,1
16751,../data/Buscas de palavras chaves/_Dispensa de licitação_/51.txt,33.803.347/0001-53,1
16907,../data/Buscas de palavras chaves/_Dispensa de licitação_/533.txt,01.107.391/0002-63,1
16915,../data/Buscas de palavras chaves/_Dispensa de licitação_/533.txt,13.169.156/0001-16,1
16947,../data/Buscas de palavras chaves/_Dispensa de licitação_/535.txt,06.164.446/0001-02,1
17104,../data/Buscas de palavras chaves/_Dispensa de licitação_/55.txt,36.215.108/0001-24,1
17130,../data/Buscas de palavras chaves/_Dispensa de licitação_/556.txt,32.948.017/0001-17,1
17184,../data/Buscas de palavras chaves/_Dispensa de licitação_/558.txt,26.245.666/0001-10,1
17209,../data/Buscas de palavras chaves/_Dispensa de licitação_/558.txt,35.864.462/0001-68,1
17217,../data/Buscas de palavras chaves/_Dispensa de licitação_/558.txt,36.399.627/0001-70,2
17225,../data/Buscas de palavras chaves/_Dispensa de licitação_/56.txt,35.573.762/0001-07,1
17266,../data/Buscas de palavras chaves/_Dispensa de licitação_/560.txt,34.235.146/0001-60,1
17336,../data/Buscas de palavras chaves/_Dispensa de licitação_/565.txt,00.740.969/0001-92,1
17950,../data/Buscas de palavras chaves/_Dispensa de licitação_/577.txt,20.636.623/0001-99,1
18156,../data/Buscas de palavras chaves/_Dispensa de licitação_/59.txt,50.720.412/2020-36,1
18224,../data/Buscas de palavras chaves/_Dispensa de licitação_/598.txt,46.723.926/2020-69,1
18287,../data/Buscas de palavras chaves/_Dispensa de licitação_/60.txt,12.968.901/0001-89,1
18312,../data/Buscas de palavras chaves/_Dispensa de licitação_/600.txt,21.933.197/0001-70,1
18319,../data/Buscas de palavras chaves/_Dispensa de licitação_/600.txt,28.509.384/0001-97,1
18388,../data/Buscas de palavras chaves/_Dispensa de licitação_/615.txt,10.571.872/0001-53,1
18473,../data/Buscas de palavras chaves/_Dispensa de licitação_/619.txt,00.924.195/0001-06,1
18605,../data/Buscas de palavras chaves/_Dispensa de licitação_/638.txt,09.076.351/0001-30,1
18676,../data/Buscas de palavras chaves/_Dispensa de licitação_/640.txt,24.506.677/0001-57,1
18691,../data/Buscas de palavras chaves/_Dispensa de licitação_/640.txt,50.856.251/0001-21,1
18714,../data/Buscas de palavras chaves/_Dispensa de licitação_/641.txt,07.450.732/0001-31,1
18755,../data/Buscas de palavras chaves/_Dispensa de licitação_/641.txt,28.055.226/0001-16,1
18792,../data/Buscas de palavras chaves/_Dispensa de licitação_/643.txt,09.309.692/0001-01,1
18793,../data/Buscas de palavras chaves/_Dispensa de licitação_/643.txt,09.442.157/0001-42,1
18794,../data/Buscas de palavras chaves/_Dispensa de licitação_/643.txt,10.277.789/0001-71,1
18804,../data/Buscas de palavras chaves/_Dispensa de licitação_/643.txt,20.789.197/0001-15,1
18808,../data/Buscas de palavras chaves/_Dispensa de licitação_/643.txt,22.460.120/0001-22,1
19058,../data/Buscas de palavras chaves/_Dispensa de licitação_/673.txt,11.041.059/0001-88,1
19163,../data/Buscas de palavras chaves/_Dispensa de licitação_/690.txt,09.400.433/0001-44,1
19164,../data/Buscas de palavras chaves/_Dispensa de licitação_/690.txt,09.428.831/0001-36,1
19275,../data/Buscas de palavras chaves/_Dispensa de licitação_/70.txt,02.849.983/0001-67,1
19281,../data/Buscas de palavras chaves/_Dispensa de licitação_/70.txt,03.231.206/0001-76,1
19288,../data/Buscas de palavras chaves/_Dispensa de licitação_/70.txt,04.067.191/0001-92,1
19336,../data/Buscas de palavras chaves/_Dispensa de licitação_/70.txt,10.824.341/0001-57,1
19355,../data/Buscas de palavras chaves/_Dispensa de licitação_/70.txt,13.235.732/0001-70,1
19358,../data/Buscas de palavras chaves/_Dispensa de licitação_/70.txt,13.585.696/0001-09,1
19427,../data/Buscas de palavras chaves/_Dispensa de licitação_/70.txt,29.612.189/0001-67,1
19440,../data/Buscas de palavras chaves/_Dispensa de licitação_/70.txt,40.617.276/0001-05,1
19566,../data/Buscas de palavras chaves/_Dispensa de licitação_/711.txt,09.494.737/0001-49,1
19597,../data/Buscas de palavras chaves/_Dispensa de licitação_/715.txt,04.211.082/0001-31,1
19709,../data/Buscas de palavras chaves/_Dispensa de licitação_/726.txt,18.117.764/0001-93,1
19754,../data/Buscas de palavras chaves/_Dispensa de licitação_/728.txt,19.682.663/0001-26,1
19760,../data/Buscas de palavras chaves/_Dispensa de licitação_/728.txt,27.165.182/0001-21,1
21568,../data/Buscas de palavras chaves/_Dispensa de licitação_/732.txt,07.199.118/0001-32,1
21572,../data/Buscas de palavras chaves/_Dispensa de licitação_/732.txt,09.930.287/0001-60,1
21756,../data/Buscas de palavras chaves/_Dispensa de licitação_/750.txt,00.502.233/0001-06,1
21758,../data/Buscas de palavras chaves/_Dispensa de licitação_/750.txt,15.154.314/0001-99,1
22003,../data/Buscas de palavras chaves/_Dispensa de licitação_/773.txt,09.442.157/0001-42,1
22005,../data/Buscas de palavras chaves/_Dispensa de licitação_/773.txt,10.277.789/0001-71,1
22135,../data/Buscas de palavras chaves/_Dispensa de licitação_/782.txt,10.942.931/0001-36,1
22272,../data/Buscas de palavras chaves/_Dispensa de licitação_/80.txt,00.162.137/2014-91,2
22345,../data/Buscas de palavras chaves/_Dispensa de licitação_/80.txt,31.089.522/0001-41,1
22717,../data/Buscas de palavras chaves/_Dispensa de licitação_/80.txt,44.133.819/0001-30,1
22718,../data/Buscas de palavras chaves/_Dispensa de licitação_/80.txt,45.229.153/0001-10,1
22872,../data/Buscas de palavras chaves/_Dispensa de licitação_/823.txt,20.414.780/0001-35,1
22899,../data/Buscas de palavras chaves/_Dispensa de licitação_/823.txt,30.681.365/0001-04,1
22903,../data/Buscas de palavras chaves/_Dispensa de licitação_/823.txt,32.962.698/0001-31,1
22909,../data/Buscas de palavras chaves/_Dispensa de licitação_/823.txt,36.390.358/0001-60,1
22997,../data/Buscas de palavras chaves/_Dispensa de licitação_/827.txt,33.453.589/0094-22,1
23048,../data/Buscas de palavras chaves/_Dispensa de licitação_/831.txt,02.326.629/0001-42,1
23105,../data/Buscas de palavras chaves/_Dispensa de licitação_/831.txt,32.041.741/0001-21,1
23139,../data/Buscas de palavras chaves/_Dispensa de licitação_/843.txt,02.728.618/0001-21,1
23358,../data/Buscas de palavras chaves/_Dispensa de licitação_/881.txt,21.343.472/0001-00,1
23386,../data/Buscas de palavras chaves/_Dispensa de licitação_/882.txt,14.884.711/0001-45,2
23397,../data/Buscas de palavras chaves/_Dispensa de licitação_/882.txt,27.165.182/0001-21,2
23462,../data/Buscas de palavras chaves/_Dispensa de licitação_/896.txt,62.729.178/0004-91,1
23481,../data/Buscas de palavras chaves/_Dispensa de licitação_/897.txt,04.255.426/0001-35,1
23593,../data/Buscas de palavras chaves/_Dispensa de licitação_/900.txt,20.992.487/0001-40,1
23621,../data/Buscas de palavras chaves/_Dispensa de licitação_/900.txt,93.399.400/0001-38,1
23636,../data/Buscas de palavras chaves/_Dispensa de licitação_/903.txt,12.063.197/0001-59,1
23676,../data/Buscas de palavras chaves/_Dispensa de licitação_/912.txt,16.941.580/0001-80,1
23687,../data/Buscas de palavras chaves/_Dispensa de licitação_/912.txt,27.167.745/0001-67,2
23788,../data/Buscas de palavras chaves/_Dispensa de licitação_/914.txt,33.936.618/0001-07,1
23825,../data/Buscas de palavras chaves/_Dispensa de licitação_/922.txt,00.881.181/0001-57,1
23869,../data/Buscas de palavras chaves/_Dispensa de licitação_/922.txt,36.215.108/0001-24,1
23884,../data/Buscas de palavras chaves/_Dispensa de licitação_/924.txt,62.729.178/0004-91,1
23904,../data/Buscas de palavras chaves/_Dispensa de licitação_/931.txt,01.149.308/0001-39,1
24046,../data/Buscas de palavras chaves/_Dispensa de licitação_/948.txt,02.070.598/0001-20,1
24051,../data/Buscas de palavras chaves/_Dispensa de licitação_/948.txt,11.772.824/0001-84,1
24147,../data/Buscas de palavras chaves/_Dispensa de licitação_/967.txt,14.667.969/0001-19,1
24228,../data/Buscas de palavras chaves/_Dispensa de licitação_/977.txt,21.993.497/0001-70,1
24255,../data/Buscas de palavras chaves/_Dispensa de licitação_/983.txt,07.722.566/0001-52,1
24276,../data/Buscas de palavras chaves/_Dispensa de licitação_/983.txt,27.165.182/0001-21,1
24282,../data/Buscas de palavras chaves/_Dispensa de licitação_/983.txt,30.681.365/0001-04,1
24291,../data/Buscas de palavras chaves/_Dispensa de licitação_/983.txt,36.287.959/0001-79,1
24433,../data/Buscas de palavras chaves/_Dispensa de licitação_/999.txt,06.044.486/0001-66,1
156,../data/Buscas de palavras chaves/_Hospital de Campanha_/1210.txt,09.649.306/0001-49,1
168,../data/Buscas de palavras chaves/_Hospital de Campanha_/1210.txt,14.866.880/0001-50,1
176,../data/Buscas de palavras chaves/_Hospital de Campanha_/1210.txt,19.244.814/0001-38,1
215,../data/Buscas de palavras chaves/_Hospital de Campanha_/1210.txt,60.085.055/0435-31,1
253,../data/Buscas de palavras chaves/_Hospital de Campanha_/1229.txt,11.615.369/0001-35,1
361,../data/Buscas de palavras chaves/_Hospital de Campanha_/1709.txt,03.718.824/0001-05,1
430,../data/Buscas de palavras chaves/_Hospital de Campanha_/1719.txt,24.506.677/0001-57,1
484,../data/Buscas de palavras chaves/_Hospital de Campanha_/1774.txt,25.265.954/0001-04,1
628,../data/Buscas de palavras chaves/_Hospital de Campanha_/1954.txt,17.460.096/0001-38,1
819,../data/Buscas de palavras chaves/_Hospital de Campanha_/60.txt,12.968.901/0001-89,1
870,../data/Buscas de palavras chaves/_Hospital de Campanha_/690.txt,09.400.433/0001-44,1
871,../data/Buscas de palavras chaves/_Hospital de Campanha_/690.txt,09.428.831/0001-36,1
982,../data/Buscas de palavras chaves/_Hospital de Campanha_/843.txt,02.728.618/0001-21,1
